Section Results,,,,,,,,,,,,,,,,,,,,,,,,,,,,,,Mean Threshold Results,,,,,,,,,Intensity,,,,
,,,,,Outer,,,,Inner,,,,Corona,,,,High P,,,,Total,,,,Clumps,,,,,Outer,,Inner,,Corona,,High P,,,Outer,Inner,Corona,HighP,Total
Image Filename,Brightness,Gain,Voltage,Noise Level,Failed Pixels,Total Pixels,% Failed,Status,Failed Pixels,Total Pixels,% Failed,Status,Failed Pixels,Total Pixels,% Failed,Status,Failed Pixels,Total Pixels,% Failed,Status,Failed Pixels,Total Pixels,% Failed,Status,Failed Pixels,Total Pixels,% Failed,Status,,Diff,Status,Diff,Status,Diff,Status,Diff,Status,,,,,,
CalibrationImage#0.bmp,NaN,NaN,NaN,0,0,0,0,Passed,0,0,0,Passed,0,0,0,Passed,0,0,0,Passed,7622,0,0,Failed,0,0,0,Passed,,0,Passed,0,Passed,0,Passed,0,Passed,,0,0,0,0,0
CalibrationImage#1.bmp,NaN,NaN,NaN,0,0,0,0,Passed,0,0,0,Passed,0,0,0,Passed,0,0,0,Passed,7153,0,0,Failed,0,0,0,Passed,,0,Passed,0,Passed,0,Passed,0,Passed,,0,0,0,0,0
CalibrationImage#2.bmp,NaN,NaN,NaN,0,0,0,0,Passed,0,0,0,Passed,0,0,0,Passed,0,0,0,Passed,7505,0,0,Failed,0,0,0,Passed,,0,Passed,0,Passed,0,Passed,0,Passed,,0,0,0,0,0
CalibrationImage#3.bmp,NaN,NaN,NaN,0,0,0,0,Passed,0,0,0,Passed,0,0,0,Passed,0,0,0,Passed,6994,0,0,Failed,0,0,0,Passed,,0,Passed,0,Passed,0,Passed,0,Passed,,0,0,0,0,0
CalibrationImage#4.bmp,NaN,NaN,NaN,0,0,0,0,Passed,0,0,0,Passed,0,0,0,Passed,0,0,0,Passed,7037,0,0,Failed,0,0,0,Passed,,0,Passed,0,Passed,0,Passed,0,Passed,,0,0,0,0,0
CalibrationImage#5.bmp,NaN,NaN,NaN,0,0,0,0,Passed,0,0,0,Passed,0,0,0,Passed,0,0,0,Passed,7457,0,0,Failed,0,0,0,Passed,,0,Passed,0,Passed,0,Passed,0,Passed,,0,0,0,0,0
CalibrationImage#6.bmp,NaN,NaN,NaN,0,0,0,0,Passed,0,0,0,Passed,0,0,0,Passed,0,0,0,Passed,9396,0,0,Failed,0,0,0,Passed,,0,Passed,0,Passed,0,Passed,0,Passed,,0,0,0,0,0
CalibrationImage#7.bmp,NaN,NaN,NaN,0,0,0,0,Passed,0,0,0,Passed,0,0,0,Passed,0,0,0,Passed,8578,0,0,Failed,0,0,0,Passed,,0,Passed,0,Passed,0,Passed,0,Passed,,0,0,0,0,0
CalibrationImage#8.bmp,NaN,NaN,NaN,0,0,0,0,Passed,0,0,0,Passed,0,0,0,Passed,0,0,0,Passed,8790,0,0,Failed,0,0,0,Passed,,0,Passed,0,Passed,0,Passed,0,Passed,,0,0,0,0,0
CalibrationImage#9.bmp,NaN,NaN,NaN,0,0,0,0,Passed,0,0,0,Passed,0,0,0,Passed,0,0,0,Passed,8312,0,0,Failed,0,0,0,Passed,,0,Passed,0,Passed,0,Passed,0,Passed,,0,0,0,0,0
CalibrationImage#10.bmp,NaN,NaN,NaN,0,0,0,0,Passed,0,0,0,Passed,0,0,0,Passed,0,0,0,Passed,9676,0,0,Failed,0,0,0,Passed,,0,Passed,0,Passed,0,Passed,0,Passed,,0,0,0,0,0
CalibrationImage#11.bmp,NaN,NaN,NaN,0,0,0,0,Passed,0,0,0,Passed,0,0,0,Passed,0,0,0,Passed,8341,0,0,Failed,0,0,0,Passed,,0,Passed,0,Passed,0,Passed,0,Passed,,0,0,0,0,0
CalibrationImage#12.bmp,NaN,NaN,NaN,0,0,0,0,Passed,0,0,0,Passed,0,0,0,Passed,0,0,0,Passed,9419,0,0,Failed,0,0,0,Passed,,0,Passed,0,Passed,0,Passed,0,Passed,,0,0,0,0,0
CalibrationImage#13.bmp,NaN,NaN,NaN,0,0,0,0,Passed,0,0,0,Passed,0,0,0,Passed,0,0,0,Passed,8237,0,0,Failed,0,0,0,Passed,,0,Passed,0,Passed,0,Passed,0,Passed,,0,0,0,0,0
CalibrationImage#14.bmp,NaN,NaN,NaN,0,0,0,0,Passed,0,0,0,Passed,0,0,0,Passed,0,0,0,Passed,7377,0,0,Failed,0,0,0,Passed,,0,Passed,0,Passed,0,Passed,0,Passed,,0,0,0,0,0
CalibrationImage#15.bmp,NaN,NaN,NaN,0,0,0,0,Passed,0,0,0,Passed,0,0,0,Passed,0,0,0,Passed,9541,0,0,Failed,0,0,0,Passed,,0,Passed,0,Passed,0,Passed,0,Passed,,0,0,0,0,0
CalibrationImage#16.bmp,NaN,NaN,NaN,0,0,0,0,Passed,0,0,0,Passed,0,0,0,Passed,0,0,0,Passed,8778,0,0,Failed,0,0,0,Passed,,0,Passed,0,Passed,0,Passed,0,Passed,,0,0,0,0,0
CalibrationImage#17.bmp,NaN,NaN,NaN,0,0,0,0,Passed,0,0,0,Passed,0,0,0,Passed,0,0,0,Passed,8917,0,0,Failed,0,0,0,Passed,,0,Passed,0,Passed,0,Passed,0,Passed,,0,0,0,0,0
CalibrationImage#18.bmp,NaN,NaN,NaN,0,0,0,0,Passed,0,0,0,Passed,0,0,0,Passed,0,0,0,Passed,7817,0,0,Failed,0,0,0,Passed,,0,Passed,0,Passed,0,Passed,0,Passed,,0,0,0,0,0
CalibrationImage#19.bmp,NaN,NaN,NaN,0,0,0,0,Passed,0,0,0,Passed,0,0,0,Passed,0,0,0,Passed,7132,0,0,Failed,0,0,0,Passed,,0,Passed,0,Passed,0,Passed,0,Passed,,0,0,0,0,0
CalibrationImage#20.bmp,NaN,NaN,NaN,0,0,0,0,Passed,0,0,0,Passed,0,0,0,Passed,0,0,0,Passed,8974,0,0,Failed,0,0,0,Passed,,0,Passed,0,Passed,0,Passed,0,Passed,,0,0,0,0,0
CalibrationImage#21.bmp,NaN,NaN,NaN,0,0,0,0,Passed,0,0,0,Passed,0,0,0,Passed,0,0,0,Passed,8708,0,0,Failed,0,0,0,Passed,,0,Passed,0,Passed,0,Passed,0,Passed,,0,0,0,0,0
CalibrationImage#22.bmp,NaN,NaN,NaN,0,0,0,0,Passed,0,0,0,Passed,0,0,0,Passed,0,0,0,Passed,7894,0,0,Failed,0,0,0,Passed,,0,Passed,0,Passed,0,Passed,0,Passed,,0,0,0,0,0
CalibrationImage#23.bmp,NaN,NaN,NaN,0,0,0,0,Passed,0,0,0,Passed,0,0,0,Passed,0,0,0,Passed,9450,0,0,Failed,0,0,0,Passed,,0,Passed,0,Passed,0,Passed,0,Passed,,0,0,0,0,0
CalibrationImage#24.bmp,NaN,NaN,NaN,0,0,0,0,Passed,0,0,0,Passed,0,0,0,Passed,0,0,0,Passed,8234,0,0,Failed,0,0,0,Passed,,0,Passed,0,Passed,0,Passed,0,Passed,,0,0,0,0,0
CalibrationImage#25.bmp,NaN,NaN,NaN,0,0,0,0,Passed,0,0,0,Passed,0,0,0,Passed,0,0,0,Passed,7527,0,0,Failed,0,0,0,Passed,,0,Passed,0,Passed,0,Passed,0,Passed,,0,0,0,0,0
CalibrationImage#26.bmp,NaN,NaN,NaN,0,0,0,0,Passed,0,0,0,Passed,0,0,0,Passed,0,0,0,Passed,9551,0,0,Failed,0,0,0,Passed,,0,Passed,0,Passed,0,Passed,0,Passed,,0,0,0,0,0
CalibrationImage#27.bmp,NaN,NaN,NaN,0,0,0,0,Passed,0,0,0,Passed,0,0,0,Passed,0,0,0,Passed,9637,0,0,Failed,0,0,0,Passed,,0,Passed,0,Passed,0,Passed,0,Passed,,0,0,0,0,0
CalibrationImage#28.bmp,NaN,NaN,NaN,0,0,0,0,Passed,0,0,0,Passed,0,0,0,Passed,0,0,0,Passed,9048,0,0,Failed,0,0,0,Passed,,0,Passed,0,Passed,0,Passed,0,Passed,,0,0,0,0,0
CalibrationImage#29.bmp,NaN,NaN,NaN,0,0,0,0,Passed,0,0,0,Passed,0,0,0,Passed,0,0,0,Passed,8234,0,0,Failed,0,0,0,Passed,,0,Passed,0,Passed,0,Passed,0,Passed,,0,0,0,0,0
CalibrationImage#30.bmp,NaN,NaN,NaN,0,0,0,0,Passed,0,0,0,Passed,0,0,0,Passed,0,0,0,Passed,8934,0,0,Failed,0,0,0,Passed,,0,Passed,0,Passed,0,Passed,0,Passed,,0,0,0,0,0
CalibrationImage#31.bmp,NaN,NaN,NaN,0,0,0,0,Passed,0,0,0,Passed,0,0,0,Passed,0,0,0,Passed,10206,0,0,Failed,0,0,0,Passed,,0,Passed,0,Passed,0,Passed,0,Passed,,0,0,0,0,0
CalibrationImage#32.bmp,NaN,NaN,NaN,0,0,0,0,Passed,0,0,0,Passed,0,0,0,Passed,0,0,0,Passed,9652,0,0,Failed,0,0,0,Passed,,0,Passed,0,Passed,0,Passed,0,Passed,,0,0,0,0,0
CalibrationImage#33.bmp,NaN,NaN,NaN,0,0,0,0,Passed,0,0,0,Passed,0,0,0,Passed,0,0,0,Passed,8721,0,0,Failed,0,0,0,Passed,,0,Passed,0,Passed,0,Passed,0,Passed,,0,0,0,0,0
CalibrationImage#34.bmp,NaN,NaN,NaN,0,0,0,0,Passed,0,0,0,Passed,0,0,0,Passed,0,0,0,Passed,9721,0,0,Failed,0,0,0,Passed,,0,Passed,0,Passed,0,Passed,0,Passed,,0,0,0,0,0
CalibrationImage#35.bmp,NaN,NaN,NaN,0,0,0,0,Passed,0,0,0,Passed,0,0,0,Passed,0,0,0,Passed,9694,0,0,Failed,0,0,0,Passed,,0,Passed,0,Passed,0,Passed,0,Passed,,0,0,0,0,0
CalibrationImage#36.bmp,NaN,NaN,NaN,0,0,0,0,Passed,0,0,0,Passed,0,0,0,Passed,0,0,0,Passed,8671,0,0,Failed,0,0,0,Passed,,0,Passed,0,Passed,0,Passed,0,Passed,,0,0,0,0,0
CalibrationImage#37.bmp,NaN,NaN,NaN,0,0,0,0,Passed,0,0,0,Passed,0,0,0,Passed,0,0,0,Passed,10282,0,0,Failed,0,0,0,Passed,,0,Passed,0,Passed,0,Passed,0,Passed,,0,0,0,0,0
CalibrationImage#38.bmp,NaN,NaN,NaN,0,0,0,0,Passed,0,0,0,Passed,0,0,0,Passed,0,0,0,Passed,9449,0,0,Failed,0,0,0,Passed,,0,Passed,0,Passed,0,Passed,0,Passed,,0,0,0,0,0
CalibrationImage#39.bmp,NaN,NaN,NaN,0,0,0,0,Passed,0,0,0,Passed,0,0,0,Passed,0,0,0,Passed,8045,0,0,Failed,0,0,0,Passed,,0,Passed,0,Passed,0,Passed,0,Passed,,0,0,0,0,0
CalibrationImage#40.bmp,NaN,NaN,NaN,0,0,0,0,Passed,0,0,0,Passed,0,0,0,Passed,0,0,0,Passed,10222,0,0,Failed,0,0,0,Passed,,0,Passed,0,Passed,0,Passed,0,Passed,,0,0,0,0,0
CalibrationImage#41.bmp,NaN,NaN,NaN,0,0,0,0,Passed,0,0,0,Passed,0,0,0,Passed,0,0,0,Passed,9040,0,0,Failed,0,0,0,Passed,,0,Passed,0,Passed,0,Passed,0,Passed,,0,0,0,0,0
CalibrationImage#42.bmp,NaN,NaN,NaN,0,0,0,0,Passed,0,0,0,Passed,0,0,0,Passed,0,0,0,Passed,7913,0,0,Failed,0,0,0,Passed,,0,Passed,0,Passed,0,Passed,0,Passed,,0,0,0,0,0
CalibrationImage#43.bmp,NaN,NaN,NaN,0,0,0,0,Passed,0,0,0,Passed,0,0,0,Passed,0,0,0,Passed,10342,0,0,Failed,0,0,0,Passed,,0,Passed,0,Passed,0,Passed,0,Passed,,0,0,0,0,0
CalibrationImage#44.bmp,NaN,NaN,NaN,0,0,0,0,Passed,0,0,0,Passed,0,0,0,Passed,0,0,0,Passed,9656,0,0,Failed,0,0,0,Passed,,0,Passed,0,Passed,0,Passed,0,Passed,,0,0,0,0,0
CalibrationImage#45.bmp,NaN,NaN,NaN,0,0,0,0,Passed,0,0,0,Passed,0,0,0,Passed,0,0,0,Passed,8374,0,0,Failed,0,0,0,Passed,,0,Passed,0,Passed,0,Passed,0,Passed,,0,0,0,0,0
CalibrationImage#46.bmp,NaN,NaN,NaN,0,0,0,0,Passed,0,0,0,Passed,0,0,0,Passed,0,0,0,Passed,11008,0,0,Failed,0,0,0,Passed,,0,Passed,0,Passed,0,Passed,0,Passed,,0,0,0,0,0
CalibrationImage#47.bmp,NaN,NaN,NaN,0,0,0,0,Passed,0,0,0,Passed,0,0,0,Passed,0,0,0,Passed,9265,0,0,Failed,0,0,0,Passed,,0,Passed,0,Passed,0,Passed,0,Passed,,0,0,0,0,0
CalibrationImage#48.bmp,NaN,NaN,NaN,0,0,0,0,Passed,0,0,0,Passed,0,0,0,Passed,0,0,0,Passed,8921,0,0,Failed,0,0,0,Passed,,0,Passed,0,Passed,0,Passed,0,Passed,,0,0,0,0,0
CalibrationImage#49.bmp,NaN,NaN,NaN,0,0,0,0,Passed,0,0,0,Passed,0,0,0,Passed,0,0,0,Passed,10288,0,0,Failed,0,0,0,Passed,,0,Passed,0,Passed,0,Passed,0,Passed,,0,0,0,0,0
CalibrationImage#50.bmp,NaN,NaN,NaN,0,0,0,0,Passed,0,0,0,Passed,0,0,0,Passed,0,0,0,Passed,8064,0,0,Failed,0,0,0,Passed,,0,Passed,0,Passed,0,Passed,0,Passed,,0,0,0,0,0
CalibrationImage#51.bmp,NaN,NaN,NaN,0,0,0,0,Passed,0,0,0,Passed,0,0,0,Passed,0,0,0,Passed,9644,0,0,Failed,0,0,0,Passed,,0,Passed,0,Passed,0,Passed,0,Passed,,0,0,0,0,0
CalibrationImage#52.bmp,NaN,NaN,NaN,0,0,0,0,Passed,0,0,0,Passed,0,0,0,Passed,0,0,0,Passed,9029,0,0,Failed,0,0,0,Passed,,0,Passed,0,Passed,0,Passed,0,Passed,,0,0,0,0,0
CalibrationImage#53.bmp,NaN,NaN,NaN,0,0,0,0,Passed,0,0,0,Passed,0,0,0,Passed,0,0,0,Passed,8562,0,0,Failed,0,0,0,Passed,,0,Passed,0,Passed,0,Passed,0,Passed,,0,0,0,0,0
CalibrationImage#54.bmp,NaN,NaN,NaN,0,0,0,0,Passed,0,0,0,Passed,0,0,0,Passed,0,0,0,Passed,10583,0,0,Failed,0,0,0,Passed,,0,Passed,0,Passed,0,Passed,0,Passed,,0,0,0,0,0
CalibrationImage#55.bmp,NaN,NaN,NaN,0,0,0,0,Passed,0,0,0,Passed,0,0,0,Passed,0,0,0,Passed,9710,0,0,Failed,0,0,0,Passed,,0,Passed,0,Passed,0,Passed,0,Passed,,0,0,0,0,0
CalibrationImage#56.bmp,NaN,NaN,NaN,0,0,0,0,Passed,0,0,0,Passed,0,0,0,Passed,0,0,0,Passed,9725,0,0,Failed,0,0,0,Passed,,0,Passed,0,Passed,0,Passed,0,Passed,,0,0,0,0,0
CalibrationImage#57.bmp,NaN,NaN,NaN,0,0,0,0,Passed,0,0,0,Passed,0,0,0,Passed,0,0,0,Passed,9318,0,0,Failed,0,0,0,Passed,,0,Passed,0,Passed,0,Passed,0,Passed,,0,0,0,0,0
CalibrationImage#58.bmp,NaN,NaN,NaN,0,0,0,0,Passed,0,0,0,Passed,0,0,0,Passed,0,0,0,Passed,10665,0,0,Failed,0,0,0,Passed,,0,Passed,0,Passed,0,Passed,0,Passed,,0,0,0,0,0
CalibrationImage#59.bmp,NaN,NaN,NaN,0,0,0,0,Passed,0,0,0,Passed,0,0,0,Passed,0,0,0,Passed,9372,0,0,Failed,0,0,0,Passed,,0,Passed,0,Passed,0,Passed,0,Passed,,0,0,0,0,0
CalibrationImage#60.bmp,NaN,NaN,NaN,0,0,0,0,Passed,0,0,0,Passed,0,0,0,Passed,0,0,0,Passed,6034,0,0,Passed,0,0,0,Passed,,0,Passed,0,Passed,0,Passed,0,Passed,,0,0,0,0,0
CalibrationImage#61.bmp,NaN,NaN,NaN,0,0,0,0,Passed,0,0,0,Passed,0,0,0,Passed,0,0,0,Passed,6147,0,0,Passed,0,0,0,Passed,,0,Passed,0,Passed,0,Passed,0,Passed,,0,0,0,0,0
CalibrationImage#62.bmp,NaN,NaN,NaN,0,0,0,0,Passed,0,0,0,Passed,0,0,0,Passed,0,0,0,Passed,5596,0,0,Passed,0,0,0,Passed,,0,Passed,0,Passed,0,Passed,0,Passed,,0,0,0,0,0
CalibrationImage#63.bmp,NaN,NaN,NaN,0,0,0,0,Passed,0,0,0,Passed,0,0,0,Passed,0,0,0,Passed,4193,0,0,Passed,0,0,0,Passed,,0,Passed,0,Passed,0,Passed,0,Passed,,0,0,0,0,0
CalibrationImage#64.bmp,NaN,NaN,NaN,0,0,0,0,Passed,0,0,0,Passed,0,0,0,Passed,0,0,0,Passed,5122,0,0,Passed,0,0,0,Passed,,0,Passed,0,Passed,0,Passed,0,Passed,,0,0,0,0,0
CalibrationImage#65.bmp,NaN,NaN,NaN,0,0,0,0,Passed,0,0,0,Passed,0,0,0,Passed,0,0,0,Passed,5495,0,0,Passed,0,0,0,Passed,,0,Passed,0,Passed,0,Passed,0,Passed,,0,0,0,0,0
CalibrationImage#66.bmp,NaN,NaN,NaN,0,0,0,0,Passed,0,0,0,Passed,0,0,0,Passed,0,0,0,Passed,5598,0,0,Passed,0,0,0,Passed,,0,Passed,0,Passed,0,Passed,0,Passed,,0,0,0,0,0
CalibrationImage#67.bmp,NaN,NaN,NaN,0,0,0,0,Passed,0,0,0,Passed,0,0,0,Passed,0,0,0,Passed,4789,0,0,Passed,0,0,0,Passed,,0,Passed,0,Passed,0,Passed,0,Passed,,0,0,0,0,0
CalibrationImage#68.bmp,NaN,NaN,NaN,0,0,0,0,Passed,0,0,0,Passed,0,0,0,Passed,0,0,0,Passed,4558,0,0,Passed,0,0,0,Passed,,0,Passed,0,Passed,0,Passed,0,Passed,,0,0,0,0,0
CalibrationImage#69.bmp,NaN,NaN,NaN,0,0,0,0,Passed,0,0,0,Passed,0,0,0,Passed,0,0,0,Passed,4173,0,0,Passed,0,0,0,Passed,,0,Passed,0,Passed,0,Passed,0,Passed,,0,0,0,0,0
CalibrationImage#70.bmp,NaN,NaN,NaN,0,0,0,0,Passed,0,0,0,Passed,0,0,0,Passed,0,0,0,Passed,6915,0,0,Failed,0,0,0,Passed,,0,Passed,0,Passed,0,Passed,0,Passed,,0,0,0,0,0
CalibrationImage#71.bmp,NaN,NaN,NaN,0,0,0,0,Passed,0,0,0,Passed,0,0,0,Passed,0,0,0,Passed,6827,0,0,Failed,0,0,0,Passed,,0,Passed,0,Passed,0,Passed,0,Passed,,0,0,0,0,0
CalibrationImage#72.bmp,NaN,NaN,NaN,0,0,0,0,Passed,0,0,0,Passed,0,0,0,Passed,0,0,0,Passed,7463,0,0,Failed,0,0,0,Passed,,0,Passed,0,Passed,0,Passed,0,Passed,,0,0,0,0,0
CalibrationImage#73.bmp,NaN,NaN,NaN,0,0,0,0,Passed,0,0,0,Passed,0,0,0,Passed,0,0,0,Passed,6572,0,0,Failed,0,0,0,Passed,,0,Passed,0,Passed,0,Passed,0,Passed,,0,0,0,0,0
CalibrationImage#74.bmp,NaN,NaN,NaN,0,0,0,0,Passed,0,0,0,Passed,0,0,0,Passed,0,0,0,Passed,7108,0,0,Failed,0,0,0,Passed,,0,Passed,0,Passed,0,Passed,0,Passed,,0,0,0,0,0
CalibrationImage#75.bmp,NaN,NaN,NaN,0,0,0,0,Passed,0,0,0,Passed,0,0,0,Passed,0,0,0,Passed,7082,0,0,Failed,0,0,0,Passed,,0,Passed,0,Passed,0,Passed,0,Passed,,0,0,0,0,0
CalibrationImage#76.bmp,NaN,NaN,NaN,0,0,0,0,Passed,0,0,0,Passed,0,0,0,Passed,0,0,0,Passed,7642,0,0,Failed,0,0,0,Passed,,0,Passed,0,Passed,0,Passed,0,Passed,,0,0,0,0,0
CalibrationImage#77.bmp,NaN,NaN,NaN,0,0,0,0,Passed,0,0,0,Passed,0,0,0,Passed,0,0,0,Passed,7019,0,0,Failed,0,0,0,Passed,,0,Passed,0,Passed,0,Passed,0,Passed,,0,0,0,0,0
CalibrationImage#78.bmp,NaN,NaN,NaN,0,0,0,0,Passed,0,0,0,Passed,0,0,0,Passed,0,0,0,Passed,7165,0,0,Failed,0,0,0,Passed,,0,Passed,0,Passed,0,Passed,0,Passed,,0,0,0,0,0
CalibrationImage#79.bmp,NaN,NaN,NaN,0,0,0,0,Passed,0,0,0,Passed,0,0,0,Passed,0,0,0,Passed,6798,0,0,Failed,0,0,0,Passed,,0,Passed,0,Passed,0,Passed,0,Passed,,0,0,0,0,0
CalibrationImage#80.bmp,NaN,NaN,NaN,0,0,0,0,Passed,0,0,0,Passed,0,0,0,Passed,0,0,0,Passed,7529,0,0,Failed,0,0,0,Passed,,0,Passed,0,Passed,0,Passed,0,Passed,,0,0,0,0,0
CalibrationImage#81.bmp,NaN,NaN,NaN,0,0,0,0,Passed,0,0,0,Passed,0,0,0,Passed,0,0,0,Passed,6611,0,0,Failed,0,0,0,Passed,,0,Passed,0,Passed,0,Passed,0,Passed,,0,0,0,0,0
CalibrationImage#82.bmp,NaN,NaN,NaN,0,0,0,0,Passed,0,0,0,Passed,0,0,0,Passed,0,0,0,Passed,7225,0,0,Failed,0,0,0,Passed,,0,Passed,0,Passed,0,Passed,0,Passed,,0,0,0,0,0
CalibrationImage#83.bmp,NaN,NaN,NaN,0,0,0,0,Passed,0,0,0,Passed,0,0,0,Passed,0,0,0,Passed,6621,0,0,Failed,0,0,0,Passed,,0,Passed,0,Passed,0,Passed,0,Passed,,0,0,0,0,0
CalibrationImage#84.bmp,NaN,NaN,NaN,0,0,0,0,Passed,0,0,0,Passed,0,0,0,Passed,0,0,0,Passed,7450,0,0,Failed,0,0,0,Passed,,0,Passed,0,Passed,0,Passed,0,Passed,,0,0,0,0,0
CalibrationImage#85.bmp,NaN,NaN,NaN,0,0,0,0,Passed,0,0,0,Passed,0,0,0,Passed,0,0,0,Passed,6693,0,0,Failed,0,0,0,Passed,,0,Passed,0,Passed,0,Passed,0,Passed,,0,0,0,0,0
CalibrationImage#86.bmp,NaN,NaN,NaN,0,0,0,0,Passed,0,0,0,Passed,0,0,0,Passed,0,0,0,Passed,7459,0,0,Failed,0,0,0,Passed,,0,Passed,0,Passed,0,Passed,0,Passed,,0,0,0,0,0
CalibrationImage#87.bmp,NaN,NaN,NaN,0,0,0,0,Passed,0,0,0,Passed,0,0,0,Passed,0,0,0,Passed,7029,0,0,Failed,0,0,0,Passed,,0,Passed,0,Passed,0,Passed,0,Passed,,0,0,0,0,0
CalibrationImage#88.bmp,NaN,NaN,NaN,0,0,0,0,Passed,0,0,0,Passed,0,0,0,Passed,0,0,0,Passed,7865,0,0,Failed,0,0,0,Passed,,0,Passed,0,Passed,0,Passed,0,Passed,,0,0,0,0,0
CalibrationImage#89.bmp,NaN,NaN,NaN,0,0,0,0,Passed,0,0,0,Passed,0,0,0,Passed,0,0,0,Passed,6574,0,0,Failed,0,0,0,Passed,,0,Passed,0,Passed,0,Passed,0,Passed,,0,0,0,0,0
CalibrationImage#90.bmp,NaN,NaN,NaN,0,0,0,0,Passed,0,0,0,Passed,0,0,0,Passed,0,0,0,Passed,7567,0,0,Failed,0,0,0,Passed,,0,Passed,0,Passed,0,Passed,0,Passed,,0,0,0,0,0
CalibrationImage#91.bmp,NaN,NaN,NaN,0,0,0,0,Passed,0,0,0,Passed,0,0,0,Passed,0,0,0,Passed,6946,0,0,Failed,0,0,0,Passed,,0,Passed,0,Passed,0,Passed,0,Passed,,0,0,0,0,0
CalibrationImage#92.bmp,NaN,NaN,NaN,0,0,0,0,Passed,0,0,0,Passed,0,0,0,Passed,0,0,0,Passed,6780,0,0,Failed,0,0,0,Passed,,0,Passed,0,Passed,0,Passed,0,Passed,,0,0,0,0,0
CalibrationImage#93.bmp,NaN,NaN,NaN,0,0,0,0,Passed,0,0,0,Passed,0,0,0,Passed,0,0,0,Passed,7401,0,0,Failed,0,0,0,Passed,,0,Passed,0,Passed,0,Passed,0,Passed,,0,0,0,0,0
CalibrationImage#94.bmp,NaN,NaN,NaN,0,0,0,0,Passed,0,0,0,Passed,0,0,0,Passed,0,0,0,Passed,7019,0,0,Failed,0,0,0,Passed,,0,Passed,0,Passed,0,Passed,0,Passed,,0,0,0,0,0
CalibrationImage#95.bmp,NaN,NaN,NaN,0,0,0,0,Passed,0,0,0,Passed,0,0,0,Passed,0,0,0,Passed,6975,0,0,Failed,0,0,0,Passed,,0,Passed,0,Passed,0,Passed,0,Passed,,0,0,0,0,0
CalibrationImage#96.bmp,NaN,NaN,NaN,0,0,0,0,Passed,0,0,0,Passed,0,0,0,Passed,0,0,0,Passed,6928,0,0,Failed,0,0,0,Passed,,0,Passed,0,Passed,0,Passed,0,Passed,,0,0,0,0,0
CalibrationImage#97.bmp,NaN,NaN,NaN,0,0,0,0,Passed,0,0,0,Passed,0,0,0,Passed,0,0,0,Passed,7200,0,0,Failed,0,0,0,Passed,,0,Passed,0,Passed,0,Passed,0,Passed,,0,0,0,0,0
CalibrationImage#98.bmp,NaN,NaN,NaN,0,0,0,0,Passed,0,0,0,Passed,0,0,0,Passed,0,0,0,Passed,7108,0,0,Failed,0,0,0,Passed,,0,Passed,0,Passed,0,Passed,0,Passed,,0,0,0,0,0
CalibrationImage#99.bmp,NaN,NaN,NaN,0,0,0,0,Passed,0,0,0,Passed,0,0,0,Passed,0,0,0,Passed,6993,0,0,Failed,0,0,0,Passed,,0,Passed,0,Passed,0,Passed,0,Passed,,0,0,0,0,0
