Section Results,,,,,,,,,,,,,,,,,,,,,,,,,,,,,,Mean Threshold Results,,,,,,,,,Intensity,,,,
,,,,,Outer,,,,Inner,,,,Corona,,,,High P,,,,Total,,,,Clumps,,,,,Outer,,Inner,,Corona,,High P,,,Outer,Inner,Corona,HighP,Total
Image Filename,Brightness,Gain,Voltage,Noise Level,Failed Pixels,Total Pixels,% Failed,Status,Failed Pixels,Total Pixels,% Failed,Status,Failed Pixels,Total Pixels,% Failed,Status,Failed Pixels,Total Pixels,% Failed,Status,Failed Pixels,Total Pixels,% Failed,Status,Failed Pixels,Total Pixels,% Failed,Status,,Diff,Status,Diff,Status,Diff,Status,Diff,Status,,,,,,
CalibrationImage#0.bmp,NaN,NaN,NaN,0,0,0,0,Passed,0,0,0,Passed,0,0,0,Passed,0,0,0,Passed,5877,0,0,Passed,0,0,0,Passed,,0,Passed,0,Passed,0,Passed,0,Passed,,0,0,0,0,0
CalibrationImage#1.bmp,NaN,NaN,NaN,0,0,0,0,Passed,0,0,0,Passed,0,0,0,Passed,0,0,0,Passed,6415,0,0,Passed,0,0,0,Passed,,0,Passed,0,Passed,0,Passed,0,Passed,,0,0,0,0,0
CalibrationImage#2.bmp,NaN,NaN,NaN,0,0,0,0,Passed,0,0,0,Passed,0,0,0,Passed,0,0,0,Passed,5975,0,0,Passed,0,0,0,Passed,,0,Passed,0,Passed,0,Passed,0,Passed,,0,0,0,0,0
CalibrationImage#3.bmp,NaN,NaN,NaN,0,0,0,0,Passed,0,0,0,Passed,0,0,0,Passed,0,0,0,Passed,5752,0,0,Passed,0,0,0,Passed,,0,Passed,0,Passed,0,Passed,0,Passed,,0,0,0,0,0
CalibrationImage#4.bmp,NaN,NaN,NaN,0,0,0,0,Passed,0,0,0,Passed,0,0,0,Passed,0,0,0,Passed,5075,0,0,Passed,0,0,0,Passed,,0,Passed,0,Passed,0,Passed,0,Passed,,0,0,0,0,0
CalibrationImage#5.bmp,NaN,NaN,NaN,0,0,0,0,Passed,0,0,0,Passed,0,0,0,Passed,0,0,0,Passed,5801,0,0,Passed,0,0,0,Passed,,0,Passed,0,Passed,0,Passed,0,Passed,,0,0,0,0,0
CalibrationImage#6.bmp,NaN,NaN,NaN,0,0,0,0,Passed,0,0,0,Passed,0,0,0,Passed,0,0,0,Passed,6169,0,0,Passed,0,0,0,Passed,,0,Passed,0,Passed,0,Passed,0,Passed,,0,0,0,0,0
CalibrationImage#7.bmp,NaN,NaN,NaN,0,0,0,0,Passed,0,0,0,Passed,0,0,0,Passed,0,0,0,Passed,3951,0,0,Passed,0,0,0,Passed,,0,Passed,0,Passed,0,Passed,0,Passed,,0,0,0,0,0
CalibrationImage#8.bmp,NaN,NaN,NaN,0,0,0,0,Passed,0,0,0,Passed,0,0,0,Passed,0,0,0,Passed,4123,0,0,Passed,0,0,0,Passed,,0,Passed,0,Passed,0,Passed,0,Passed,,0,0,0,0,0
CalibrationImage#9.bmp,NaN,NaN,NaN,0,0,0,0,Passed,0,0,0,Passed,0,0,0,Passed,0,0,0,Passed,3786,0,0,Passed,0,0,0,Passed,,0,Passed,0,Passed,0,Passed,0,Passed,,0,0,0,0,0
CalibrationImage#10.bmp,NaN,NaN,NaN,0,0,0,0,Passed,0,0,0,Passed,0,0,0,Passed,0,0,0,Passed,4129,0,0,Passed,0,0,0,Passed,,0,Passed,0,Passed,0,Passed,0,Passed,,0,0,0,0,0
CalibrationImage#11.bmp,NaN,NaN,NaN,0,0,0,0,Passed,0,0,0,Passed,0,0,0,Passed,0,0,0,Passed,3540,0,0,Passed,0,0,0,Passed,,0,Passed,0,Passed,0,Passed,0,Passed,,0,0,0,0,0
CalibrationImage#12.bmp,NaN,NaN,NaN,0,0,0,0,Passed,0,0,0,Passed,0,0,0,Passed,0,0,0,Passed,4004,0,0,Passed,0,0,0,Passed,,0,Passed,0,Passed,0,Passed,0,Passed,,0,0,0,0,0
CalibrationImage#13.bmp,NaN,NaN,NaN,0,0,0,0,Passed,0,0,0,Passed,0,0,0,Passed,0,0,0,Passed,4296,0,0,Passed,0,0,0,Passed,,0,Passed,0,Passed,0,Passed,0,Passed,,0,0,0,0,0
CalibrationImage#14.bmp,NaN,NaN,NaN,0,0,0,0,Passed,0,0,0,Passed,0,0,0,Passed,0,0,0,Passed,3773,0,0,Passed,0,0,0,Passed,,0,Passed,0,Passed,0,Passed,0,Passed,,0,0,0,0,0
CalibrationImage#15.bmp,NaN,NaN,NaN,0,0,0,0,Passed,0,0,0,Passed,0,0,0,Passed,0,0,0,Passed,4221,0,0,Passed,0,0,0,Passed,,0,Passed,0,Passed,0,Passed,0,Passed,,0,0,0,0,0
CalibrationImage#16.bmp,NaN,NaN,NaN,0,0,0,0,Passed,0,0,0,Passed,0,0,0,Passed,0,0,0,Passed,5261,0,0,Passed,0,0,0,Passed,,0,Passed,0,Passed,0,Passed,0,Passed,,0,0,0,0,0
CalibrationImage#17.bmp,NaN,NaN,NaN,0,0,0,0,Passed,0,0,0,Passed,0,0,0,Passed,0,0,0,Passed,5649,0,0,Passed,0,0,0,Passed,,0,Passed,0,Passed,0,Passed,0,Passed,,0,0,0,0,0
CalibrationImage#18.bmp,NaN,NaN,NaN,0,0,0,0,Passed,0,0,0,Passed,0,0,0,Passed,0,0,0,Passed,4970,0,0,Passed,0,0,0,Passed,,0,Passed,0,Passed,0,Passed,0,Passed,,0,0,0,0,0
CalibrationImage#19.bmp,NaN,NaN,NaN,0,0,0,0,Passed,0,0,0,Passed,0,0,0,Passed,0,0,0,Passed,5652,0,0,Passed,0,0,0,Passed,,0,Passed,0,Passed,0,Passed,0,Passed,,0,0,0,0,0
CalibrationImage#20.bmp,NaN,NaN,NaN,0,0,0,0,Passed,0,0,0,Passed,0,0,0,Passed,0,0,0,Passed,4941,0,0,Passed,0,0,0,Passed,,0,Passed,0,Passed,0,Passed,0,Passed,,0,0,0,0,0
CalibrationImage#21.bmp,NaN,NaN,NaN,0,0,0,0,Passed,0,0,0,Passed,0,0,0,Passed,0,0,0,Passed,4853,0,0,Passed,0,0,0,Passed,,0,Passed,0,Passed,0,Passed,0,Passed,,0,0,0,0,0
CalibrationImage#22.bmp,NaN,NaN,NaN,0,0,0,0,Passed,0,0,0,Passed,0,0,0,Passed,0,0,0,Passed,4870,0,0,Passed,0,0,0,Passed,,0,Passed,0,Passed,0,Passed,0,Passed,,0,0,0,0,0
CalibrationImage#23.bmp,NaN,NaN,NaN,0,0,0,0,Passed,0,0,0,Passed,0,0,0,Passed,0,0,0,Passed,4913,0,0,Passed,0,0,0,Passed,,0,Passed,0,Passed,0,Passed,0,Passed,,0,0,0,0,0
CalibrationImage#24.bmp,NaN,NaN,NaN,0,0,0,0,Passed,0,0,0,Passed,0,0,0,Passed,0,0,0,Passed,4883,0,0,Passed,0,0,0,Passed,,0,Passed,0,Passed,0,Passed,0,Passed,,0,0,0,0,0
CalibrationImage#25.bmp,NaN,NaN,NaN,0,0,0,0,Passed,0,0,0,Passed,0,0,0,Passed,0,0,0,Passed,5274,0,0,Passed,0,0,0,Passed,,0,Passed,0,Passed,0,Passed,0,Passed,,0,0,0,0,0
CalibrationImage#26.bmp,NaN,NaN,NaN,0,0,0,0,Passed,0,0,0,Passed,0,0,0,Passed,0,0,0,Passed,5123,0,0,Passed,0,0,0,Passed,,0,Passed,0,Passed,0,Passed,0,Passed,,0,0,0,0,0
CalibrationImage#27.bmp,NaN,NaN,NaN,0,0,0,0,Passed,0,0,0,Passed,0,0,0,Passed,0,0,0,Passed,5960,0,0,Passed,0,0,0,Passed,,0,Passed,0,Passed,0,Passed,0,Passed,,0,0,0,0,0
CalibrationImage#28.bmp,NaN,NaN,NaN,0,0,0,0,Passed,0,0,0,Passed,0,0,0,Passed,0,0,0,Passed,4819,0,0,Passed,0,0,0,Passed,,0,Passed,0,Passed,0,Passed,0,Passed,,0,0,0,0,0
CalibrationImage#29.bmp,NaN,NaN,NaN,0,0,0,0,Passed,0,0,0,Passed,0,0,0,Passed,0,0,0,Passed,5315,0,0,Passed,0,0,0,Passed,,0,Passed,0,Passed,0,Passed,0,Passed,,0,0,0,0,0
CalibrationImage#30.bmp,NaN,NaN,NaN,0,0,0,0,Passed,0,0,0,Passed,0,0,0,Passed,0,0,0,Passed,5297,0,0,Passed,0,0,0,Passed,,0,Passed,0,Passed,0,Passed,0,Passed,,0,0,0,0,0
CalibrationImage#31.bmp,NaN,NaN,NaN,0,0,0,0,Passed,0,0,0,Passed,0,0,0,Passed,0,0,0,Passed,5324,0,0,Passed,0,0,0,Passed,,0,Passed,0,Passed,0,Passed,0,Passed,,0,0,0,0,0
CalibrationImage#32.bmp,NaN,NaN,NaN,0,0,0,0,Passed,0,0,0,Passed,0,0,0,Passed,0,0,0,Passed,4311,0,0,Passed,0,0,0,Passed,,0,Passed,0,Passed,0,Passed,0,Passed,,0,0,0,0,0
CalibrationImage#33.bmp,NaN,NaN,NaN,0,0,0,0,Passed,0,0,0,Passed,0,0,0,Passed,0,0,0,Passed,3647,0,0,Passed,0,0,0,Passed,,0,Passed,0,Passed,0,Passed,0,Passed,,0,0,0,0,0
CalibrationImage#34.bmp,NaN,NaN,NaN,0,0,0,0,Passed,0,0,0,Passed,0,0,0,Passed,0,0,0,Passed,3862,0,0,Passed,0,0,0,Passed,,0,Passed,0,Passed,0,Passed,0,Passed,,0,0,0,0,0
CalibrationImage#35.bmp,NaN,NaN,NaN,0,0,0,0,Passed,0,0,0,Passed,0,0,0,Passed,0,0,0,Passed,3787,0,0,Passed,0,0,0,Passed,,0,Passed,0,Passed,0,Passed,0,Passed,,0,0,0,0,0
CalibrationImage#36.bmp,NaN,NaN,NaN,0,0,0,0,Passed,0,0,0,Passed,0,0,0,Passed,0,0,0,Passed,4001,0,0,Passed,0,0,0,Passed,,0,Passed,0,Passed,0,Passed,0,Passed,,0,0,0,0,0
CalibrationImage#37.bmp,NaN,NaN,NaN,0,0,0,0,Passed,0,0,0,Passed,0,0,0,Passed,0,0,0,Passed,3809,0,0,Passed,0,0,0,Passed,,0,Passed,0,Passed,0,Passed,0,Passed,,0,0,0,0,0
CalibrationImage#38.bmp,NaN,NaN,NaN,0,0,0,0,Passed,0,0,0,Passed,0,0,0,Passed,0,0,0,Passed,3922,0,0,Passed,0,0,0,Passed,,0,Passed,0,Passed,0,Passed,0,Passed,,0,0,0,0,0
CalibrationImage#39.bmp,NaN,NaN,NaN,0,0,0,0,Passed,0,0,0,Passed,0,0,0,Passed,0,0,0,Passed,4090,0,0,Passed,0,0,0,Passed,,0,Passed,0,Passed,0,Passed,0,Passed,,0,0,0,0,0
CalibrationImage#40.bmp,NaN,NaN,NaN,0,0,0,0,Passed,0,0,0,Passed,0,0,0,Passed,0,0,0,Passed,4241,0,0,Passed,0,0,0,Passed,,0,Passed,0,Passed,0,Passed,0,Passed,,0,0,0,0,0
CalibrationImage#41.bmp,NaN,NaN,NaN,0,0,0,0,Passed,0,0,0,Passed,0,0,0,Passed,0,0,0,Passed,4534,0,0,Passed,0,0,0,Passed,,0,Passed,0,Passed,0,Passed,0,Passed,,0,0,0,0,0
CalibrationImage#42.bmp,NaN,NaN,NaN,0,0,0,0,Passed,0,0,0,Passed,0,0,0,Passed,0,0,0,Passed,4833,0,0,Passed,0,0,0,Passed,,0,Passed,0,Passed,0,Passed,0,Passed,,0,0,0,0,0
CalibrationImage#43.bmp,NaN,NaN,NaN,0,0,0,0,Passed,0,0,0,Passed,0,0,0,Passed,0,0,0,Passed,3950,0,0,Passed,0,0,0,Passed,,0,Passed,0,Passed,0,Passed,0,Passed,,0,0,0,0,0
CalibrationImage#44.bmp,NaN,NaN,NaN,0,0,0,0,Passed,0,0,0,Passed,0,0,0,Passed,0,0,0,Passed,4479,0,0,Passed,0,0,0,Passed,,0,Passed,0,Passed,0,Passed,0,Passed,,0,0,0,0,0
CalibrationImage#45.bmp,NaN,NaN,NaN,0,0,0,0,Passed,0,0,0,Passed,0,0,0,Passed,0,0,0,Passed,4098,0,0,Passed,0,0,0,Passed,,0,Passed,0,Passed,0,Passed,0,Passed,,0,0,0,0,0
CalibrationImage#46.bmp,NaN,NaN,NaN,0,0,0,0,Passed,0,0,0,Passed,0,0,0,Passed,0,0,0,Passed,4278,0,0,Passed,0,0,0,Passed,,0,Passed,0,Passed,0,Passed,0,Passed,,0,0,0,0,0
CalibrationImage#47.bmp,NaN,NaN,NaN,0,0,0,0,Passed,0,0,0,Passed,0,0,0,Passed,0,0,0,Passed,3960,0,0,Passed,0,0,0,Passed,,0,Passed,0,Passed,0,Passed,0,Passed,,0,0,0,0,0
CalibrationImage#48.bmp,NaN,NaN,NaN,0,0,0,0,Passed,0,0,0,Passed,0,0,0,Passed,0,0,0,Passed,4522,0,0,Passed,0,0,0,Passed,,0,Passed,0,Passed,0,Passed,0,Passed,,0,0,0,0,0
CalibrationImage#49.bmp,NaN,NaN,NaN,0,0,0,0,Passed,0,0,0,Passed,0,0,0,Passed,0,0,0,Passed,4201,0,0,Passed,0,0,0,Passed,,0,Passed,0,Passed,0,Passed,0,Passed,,0,0,0,0,0
CalibrationImage#50.bmp,NaN,NaN,NaN,0,0,0,0,Passed,0,0,0,Passed,0,0,0,Passed,0,0,0,Passed,5348,0,0,Passed,0,0,0,Passed,,0,Passed,0,Passed,0,Passed,0,Passed,,0,0,0,0,0
CalibrationImage#51.bmp,NaN,NaN,NaN,0,0,0,0,Passed,0,0,0,Passed,0,0,0,Passed,0,0,0,Passed,5449,0,0,Passed,0,0,0,Passed,,0,Passed,0,Passed,0,Passed,0,Passed,,0,0,0,0,0
CalibrationImage#52.bmp,NaN,NaN,NaN,0,0,0,0,Passed,0,0,0,Passed,0,0,0,Passed,0,0,0,Passed,5245,0,0,Passed,0,0,0,Passed,,0,Passed,0,Passed,0,Passed,0,Passed,,0,0,0,0,0
CalibrationImage#53.bmp,NaN,NaN,NaN,0,0,0,0,Passed,0,0,0,Passed,0,0,0,Passed,0,0,0,Passed,5579,0,0,Passed,0,0,0,Passed,,0,Passed,0,Passed,0,Passed,0,Passed,,0,0,0,0,0
CalibrationImage#54.bmp,NaN,NaN,NaN,0,0,0,0,Passed,0,0,0,Passed,0,0,0,Passed,0,0,0,Passed,5308,0,0,Passed,0,0,0,Passed,,0,Passed,0,Passed,0,Passed,0,Passed,,0,0,0,0,0
CalibrationImage#55.bmp,NaN,NaN,NaN,0,0,0,0,Passed,0,0,0,Passed,0,0,0,Passed,0,0,0,Passed,5735,0,0,Passed,0,0,0,Passed,,0,Passed,0,Passed,0,Passed,0,Passed,,0,0,0,0,0
CalibrationImage#56.bmp,NaN,NaN,NaN,0,0,0,0,Passed,0,0,0,Passed,0,0,0,Passed,0,0,0,Passed,5365,0,0,Passed,0,0,0,Passed,,0,Passed,0,Passed,0,Passed,0,Passed,,0,0,0,0,0
CalibrationImage#57.bmp,NaN,NaN,NaN,0,0,0,0,Passed,0,0,0,Passed,0,0,0,Passed,0,0,0,Passed,5378,0,0,Passed,0,0,0,Passed,,0,Passed,0,Passed,0,Passed,0,Passed,,0,0,0,0,0
CalibrationImage#58.bmp,NaN,NaN,NaN,0,0,0,0,Passed,0,0,0,Passed,0,0,0,Passed,0,0,0,Passed,5297,0,0,Passed,0,0,0,Passed,,0,Passed,0,Passed,0,Passed,0,Passed,,0,0,0,0,0
CalibrationImage#59.bmp,NaN,NaN,NaN,0,0,0,0,Passed,0,0,0,Passed,0,0,0,Passed,0,0,0,Passed,5644,0,0,Passed,0,0,0,Passed,,0,Passed,0,Passed,0,Passed,0,Passed,,0,0,0,0,0
CalibrationImage#60.bmp,NaN,NaN,NaN,0,0,0,0,Passed,0,0,0,Passed,0,0,0,Passed,0,0,0,Passed,5652,0,0,Passed,0,0,0,Passed,,0,Passed,0,Passed,0,Passed,0,Passed,,0,0,0,0,0
CalibrationImage#61.bmp,NaN,NaN,NaN,0,0,0,0,Passed,0,0,0,Passed,0,0,0,Passed,0,0,0,Passed,6274,0,0,Passed,0,0,0,Passed,,0,Passed,0,Passed,0,Passed,0,Passed,,0,0,0,0,0
CalibrationImage#62.bmp,NaN,NaN,NaN,0,0,0,0,Passed,0,0,0,Passed,0,0,0,Passed,0,0,0,Passed,5814,0,0,Passed,0,0,0,Passed,,0,Passed,0,Passed,0,Passed,0,Passed,,0,0,0,0,0
CalibrationImage#63.bmp,NaN,NaN,NaN,0,0,0,0,Passed,0,0,0,Passed,0,0,0,Passed,0,0,0,Passed,6454,0,0,Passed,0,0,0,Passed,,0,Passed,0,Passed,0,Passed,0,Passed,,0,0,0,0,0
CalibrationImage#64.bmp,NaN,NaN,NaN,0,0,0,0,Passed,0,0,0,Passed,0,0,0,Passed,0,0,0,Passed,5249,0,0,Passed,0,0,0,Passed,,0,Passed,0,Passed,0,Passed,0,Passed,,0,0,0,0,0
CalibrationImage#65.bmp,NaN,NaN,NaN,0,0,0,0,Passed,0,0,0,Passed,0,0,0,Passed,0,0,0,Passed,5830,0,0,Passed,0,0,0,Passed,,0,Passed,0,Passed,0,Passed,0,Passed,,0,0,0,0,0
CalibrationImage#66.bmp,NaN,NaN,NaN,0,0,0,0,Passed,0,0,0,Passed,0,0,0,Passed,0,0,0,Passed,6438,0,0,Passed,0,0,0,Passed,,0,Passed,0,Passed,0,Passed,0,Passed,,0,0,0,0,0
CalibrationImage#67.bmp,NaN,NaN,NaN,0,0,0,0,Passed,0,0,0,Passed,0,0,0,Passed,0,0,0,Passed,5627,0,0,Passed,0,0,0,Passed,,0,Passed,0,Passed,0,Passed,0,Passed,,0,0,0,0,0
CalibrationImage#68.bmp,NaN,NaN,NaN,0,0,0,0,Passed,0,0,0,Passed,0,0,0,Passed,0,0,0,Passed,6530,0,0,Failed,0,0,0,Passed,,0,Passed,0,Passed,0,Passed,0,Passed,,0,0,0,0,0
CalibrationImage#69.bmp,NaN,NaN,NaN,0,0,0,0,Passed,0,0,0,Passed,0,0,0,Passed,0,0,0,Passed,6424,0,0,Passed,0,0,0,Passed,,0,Passed,0,Passed,0,Passed,0,Passed,,0,0,0,0,0
CalibrationImage#70.bmp,NaN,NaN,NaN,0,0,0,0,Passed,0,0,0,Passed,0,0,0,Passed,0,0,0,Passed,6396,0,0,Passed,0,0,0,Passed,,0,Passed,0,Passed,0,Passed,0,Passed,,0,0,0,0,0
CalibrationImage#71.bmp,NaN,NaN,NaN,0,0,0,0,Passed,0,0,0,Passed,0,0,0,Passed,0,0,0,Passed,5834,0,0,Passed,0,0,0,Passed,,0,Passed,0,Passed,0,Passed,0,Passed,,0,0,0,0,0
CalibrationImage#72.bmp,NaN,NaN,NaN,0,0,0,0,Passed,0,0,0,Passed,0,0,0,Passed,0,0,0,Passed,6448,0,0,Passed,0,0,0,Passed,,0,Passed,0,Passed,0,Passed,0,Passed,,0,0,0,0,0
CalibrationImage#73.bmp,NaN,NaN,NaN,0,0,0,0,Passed,0,0,0,Passed,0,0,0,Passed,0,0,0,Passed,5777,0,0,Passed,0,0,0,Passed,,0,Passed,0,Passed,0,Passed,0,Passed,,0,0,0,0,0
CalibrationImage#74.bmp,NaN,NaN,NaN,0,0,0,0,Passed,0,0,0,Passed,0,0,0,Passed,0,0,0,Passed,6718,0,0,Failed,0,0,0,Passed,,0,Passed,0,Passed,0,Passed,0,Passed,,0,0,0,0,0
CalibrationImage#75.bmp,NaN,NaN,NaN,0,0,0,0,Passed,0,0,0,Passed,0,0,0,Passed,0,0,0,Passed,6204,0,0,Passed,0,0,0,Passed,,0,Passed,0,Passed,0,Passed,0,Passed,,0,0,0,0,0
CalibrationImage#76.bmp,NaN,NaN,NaN,0,0,0,0,Passed,0,0,0,Passed,0,0,0,Passed,0,0,0,Passed,6571,0,0,Failed,0,0,0,Passed,,0,Passed,0,Passed,0,Passed,0,Passed,,0,0,0,0,0
CalibrationImage#77.bmp,NaN,NaN,NaN,0,0,0,0,Passed,0,0,0,Passed,0,0,0,Passed,0,0,0,Passed,5781,0,0,Passed,0,0,0,Passed,,0,Passed,0,Passed,0,Passed,0,Passed,,0,0,0,0,0
CalibrationImage#78.bmp,NaN,NaN,NaN,0,0,0,0,Passed,0,0,0,Passed,0,0,0,Passed,0,0,0,Passed,6385,0,0,Passed,0,0,0,Passed,,0,Passed,0,Passed,0,Passed,0,Passed,,0,0,0,0,0
CalibrationImage#79.bmp,NaN,NaN,NaN,0,0,0,0,Passed,0,0,0,Passed,0,0,0,Passed,0,0,0,Passed,6174,0,0,Passed,0,0,0,Passed,,0,Passed,0,Passed,0,Passed,0,Passed,,0,0,0,0,0
